{
    "name": "root",
    "gauges": {
        "Bolas.Policy.Entropy.mean": {
            "value": 1.7582558393478394,
            "min": 1.4072662591934204,
            "max": 1.996631145477295,
            "count": 50
        },
        "Bolas.Policy.Entropy.sum": {
            "value": 17557.943359375,
            "min": 14155.69140625,
            "max": 20070.13671875,
            "count": 50
        },
        "Bolas.Environment.EpisodeLength.mean": {
            "value": 37.856031128404666,
            "min": 37.7027027027027,
            "max": 150.65151515151516,
            "count": 50
        },
        "Bolas.Environment.EpisodeLength.sum": {
            "value": 9729.0,
            "min": 9712.0,
            "max": 10059.0,
            "count": 50
        },
        "Bolas.Step.mean": {
            "value": 499980.0,
            "min": 9974.0,
            "max": 499980.0,
            "count": 50
        },
        "Bolas.Step.sum": {
            "value": 499980.0,
            "min": 9974.0,
            "max": 499980.0,
            "count": 50
        },
        "Bolas.Policy.ExtrinsicValueEstimate.mean": {
            "value": 1.6597460508346558,
            "min": -0.1390765756368637,
            "max": 1.6667897701263428,
            "count": 50
        },
        "Bolas.Policy.ExtrinsicValueEstimate.sum": {
            "value": 426.55474853515625,
            "min": -26.56362533569336,
            "max": 431.69854736328125,
            "count": 50
        },
        "Bolas.Policy.GailValueEstimate.mean": {
            "value": 0.08749006688594818,
            "min": 0.08101613819599152,
            "max": 0.2782776355743408,
            "count": 50
        },
        "Bolas.Policy.GailValueEstimate.sum": {
            "value": 22.484947204589844,
            "min": 20.821147918701172,
            "max": 57.046913146972656,
            "count": 50
        },
        "Bolas.Environment.CumulativeReward.mean": {
            "value": 2.0,
            "min": -0.2912820504261897,
            "max": 2.0,
            "count": 50
        },
        "Bolas.Environment.CumulativeReward.sum": {
            "value": 514.0,
            "min": -18.93333327770233,
            "max": 518.0,
            "count": 50
        },
        "Bolas.Policy.ExtrinsicReward.mean": {
            "value": 2.0,
            "min": -0.2912820504261897,
            "max": 2.0,
            "count": 50
        },
        "Bolas.Policy.ExtrinsicReward.sum": {
            "value": 514.0,
            "min": -18.93333327770233,
            "max": 518.0,
            "count": 50
        },
        "Bolas.Policy.GailReward.mean": {
            "value": 0.19199690732249722,
            "min": 0.18148878508052507,
            "max": 1.2200958317933748,
            "count": 50
        },
        "Bolas.Policy.GailReward.sum": {
            "value": 49.343205181881785,
            "min": 46.31854751287028,
            "max": 79.30622906656936,
            "count": 50
        },
        "Bolas.Losses.PolicyLoss.mean": {
            "value": 0.0723336330234209,
            "min": 0.05595233247307381,
            "max": 0.07827801921594071,
            "count": 50
        },
        "Bolas.Losses.PolicyLoss.sum": {
            "value": 0.3616681651171045,
            "min": 0.22380932989229524,
            "max": 0.3913900960797036,
            "count": 50
        },
        "Bolas.Losses.ValueLoss.mean": {
            "value": 0.0012719978256124401,
            "min": 0.00017420676219141265,
            "max": 0.2618507762303731,
            "count": 50
        },
        "Bolas.Losses.ValueLoss.sum": {
            "value": 0.0063599891280622005,
            "min": 0.000732378876061072,
            "max": 1.3092538811518657,
            "count": 50
        },
        "Bolas.Policy.LearningRate.mean": {
            "value": 2.992779002439999e-06,
            "min": 2.992779002439999e-06,
            "max": 0.00029684895105034997,
            "count": 50
        },
        "Bolas.Policy.LearningRate.sum": {
            "value": 1.4963895012199996e-05,
            "min": 1.4963895012199996e-05,
            "max": 0.0014560554146482,
            "count": 50
        },
        "Bolas.Policy.Epsilon.mean": {
            "value": 0.10099756,
            "min": 0.10099756,
            "max": 0.19894965,
            "count": 50
        },
        "Bolas.Policy.Epsilon.sum": {
            "value": 0.5049878,
            "min": 0.42800160000000004,
            "max": 0.9853518000000001,
            "count": 50
        },
        "Bolas.Policy.Beta.mean": {
            "value": 0.00010965624399999997,
            "min": 0.00010965624399999997,
            "max": 0.009895070035,
            "count": 50
        },
        "Bolas.Policy.Beta.sum": {
            "value": 0.0005482812199999998,
            "min": 0.0005482812199999998,
            "max": 0.04853664482,
            "count": 50
        },
        "Bolas.Policy.GAILPolicyEstimate.mean": {
            "value": 0.3333738257487615,
            "min": 0.3023986510311564,
            "max": 0.45538121322169905,
            "count": 50
        },
        "Bolas.Policy.GAILPolicyEstimate.sum": {
            "value": 1.6668691287438075,
            "min": 1.3352922884126504,
            "max": 1.9219670854508877,
            "count": 50
        },
        "Bolas.Policy.GAILExpertEstimate.mean": {
            "value": 0.6653463684022427,
            "min": 0.626963207187752,
            "max": 0.7341986837486426,
            "count": 50
        },
        "Bolas.Policy.GAILExpertEstimate.sum": {
            "value": 3.3267318420112133,
            "min": 2.507852828751008,
            "max": 3.670993418743213,
            "count": 50
        },
        "Bolas.Losses.GAILLoss.mean": {
            "value": 0.9192466847598553,
            "min": 0.7508601623276869,
            "max": 1.1697267005220053,
            "count": 50
        },
        "Bolas.Losses.GAILLoss.sum": {
            "value": 4.596233423799276,
            "min": 3.668264016509056,
            "max": 4.941670082509518,
            "count": 50
        },
        "Bolas.Policy.GAILGradMagLoss.mean": {
            "value": 0.04072692523089548,
            "min": 0.03630650954631468,
            "max": 2.804345043220868,
            "count": 50
        },
        "Bolas.Policy.GAILGradMagLoss.sum": {
            "value": 0.2036346261544774,
            "min": 0.16337244895597297,
            "max": 11.217380172883471,
            "count": 50
        },
        "Bolas.Losses.PretrainingLoss.mean": {
            "value": 0.0,
            "min": 0.0,
            "max": 1.3122281645025526,
            "count": 50
        },
        "Bolas.Losses.PretrainingLoss.sum": {
            "value": 0.0,
            "min": 0.0,
            "max": 5.248912658010211,
            "count": 50
        },
        "Bolas.IsTraining.mean": {
            "value": 1.0,
            "min": 1.0,
            "max": 1.0,
            "count": 50
        },
        "Bolas.IsTraining.sum": {
            "value": 1.0,
            "min": 1.0,
            "max": 1.0,
            "count": 50
        }
    },
    "metadata": {
        "timer_format_version": "0.1.0",
        "start_time_seconds": "1721090031",
        "python_version": "3.10.12 | packaged by Anaconda, Inc. | (main, Jul  5 2023, 19:01:18) [MSC v.1916 64 bit (AMD64)]",
        "command_line_arguments": "C:\\Users\\juana\\.conda\\envs\\mlagents\\Scripts\\mlagents-learn C:\\Users\\juana\\Documents\\Verano2024\\ml-agents\\config\\ppo\\Bolas_config.yaml --run-id=BolasRayCastDemo2",
        "mlagents_version": "1.1.0.dev0",
        "mlagents_envs_version": "1.1.0.dev0",
        "communication_protocol_version": "1.5.0",
        "pytorch_version": "2.2.2+cu121",
        "numpy_version": "1.23.5",
        "end_time_seconds": "1721095437"
    },
    "total": 5407.812750099998,
    "count": 1,
    "self": 0.015859700000874,