{
    "name": "root",
    "gauges": {
        "Bolas.Policy.Entropy.mean": {
            "value": 2.1994729042053223,
            "min": 2.0686838626861572,
            "max": 2.452364444732666,
            "count": 20
        },
        "Bolas.Policy.Entropy.sum": {
            "value": 110180.390625,
            "min": 105155.3359375,
            "max": 122559.4453125,
            "count": 20
        },
        "Bolas.Environment.EpisodeLength.mean": {
            "value": 37.52773497688752,
            "min": 37.516178736517716,
            "max": 151.7378048780488,
            "count": 20
        },
        "Bolas.Environment.EpisodeLength.sum": {
            "value": 48711.0,
            "min": 48695.0,
            "max": 49770.0,
            "count": 20
        },
        "Bolas.Step.mean": {
            "value": 999981.0,
            "min": 49909.0,
            "max": 999981.0,
            "count": 20
        },
        "Bolas.Step.sum": {
            "value": 999981.0,
            "min": 49909.0,
            "max": 999981.0,
            "count": 20
        },
        "Bolas.Policy.ExtrinsicValueEstimate.mean": {
            "value": 1.6626081466674805,
            "min": 0.08479331433773041,
            "max": 1.6638232469558716,
            "count": 20
        },
        "Bolas.Policy.ExtrinsicValueEstimate.sum": {
            "value": 2158.0654296875,
            "min": 32.221458435058594,
            "max": 2159.642578125,
            "count": 20
        },
        "Bolas.Policy.GailValueEstimate.mean": {
            "value": 0.03891231119632721,
            "min": 0.03237415850162506,
            "max": 0.1961398869752884,
            "count": 20
        },
        "Bolas.Policy.GailValueEstimate.sum": {
            "value": 50.5081787109375,
            "min": 41.697914123535156,
            "max": 90.02820587158203,
            "count": 20
        },
        "Bolas.Environment.CumulativeReward.mean": {
            "value": 1.9957627118644068,
            "min": -0.19987899374888943,
            "max": 1.9965143299767623,
            "count": 20
        },
        "Bolas.Environment.CumulativeReward.sum": {
            "value": 2590.5,
            "min": -65.36043095588684,
            "max": 2590.5,
            "count": 20
        },
        "Bolas.Policy.ExtrinsicReward.mean": {
            "value": 1.9957627118644068,
            "min": -0.19987899374888943,
            "max": 1.9965143299767623,
            "count": 20
        },
        "Bolas.Policy.ExtrinsicReward.sum": {
            "value": 2590.5,
            "min": -65.36043095588684,
            "max": 2590.5,
            "count": 20
        },
        "Bolas.Policy.GailReward.mean": {
            "value": 0.10035676271145236,
            "min": 0.09466357703930958,
            "max": 0.7345703690090652,
            "count": 20
        },
        "Bolas.Policy.GailReward.sum": {
            "value": 130.26307799946517,
            "min": 121.92668722663075,
            "max": 240.20451066596434,
            "count": 20
        },
        "Bolas.Losses.PolicyLoss.mean": {
            "value": 0.031942038547398015,
            "min": 0.029366718645178477,
            "max": 0.03691447776031965,
            "count": 20
        },
        "Bolas.Losses.PolicyLoss.sum": {
            "value": 0.38330446256877615,
            "min": 0.3524006237421417,
            "max": 0.44297373312383576,
            "count": 20
        },
        "Bolas.Losses.ValueLoss.mean": {
            "value": 0.0004913482576436461,
            "min": 0.00042128313674159775,
            "max": 0.14884618451178538,
            "count": 20
        },
        "Bolas.Losses.ValueLoss.sum": {
            "value": 0.005896179091723752,
            "min": 0.005055397640899173,
            "max": 1.7861542141414246,
            "count": 20
        },
        "Bolas.Policy.LearningRate.mean": {
            "value": 7.1065476311833345e-06,
            "min": 7.1065476311833345e-06,
            "max": 0.0002924953661379091,
            "count": 20
        },
        "Bolas.Policy.LearningRate.sum": {
            "value": 8.527857157420002e-05,
            "min": 8.527857157420002e-05,
            "max": 0.0033372423875859,
            "count": 20
        },
        "Bolas.Policy.Epsilon.mean": {
            "value": 0.10000000000000002,
            "min": 0.1,
            "max": 0.10000000000000002,
            "count": 20
        },
        "Bolas.Policy.Epsilon.sum": {
            "value": 1.2000000000000002,
            "min": 1.1,
            "max": 1.3000000000000003,
            "count": 20
        },
        "Bolas.Policy.Beta.mean": {
            "value": 0.0011941714516666665,
            "min": 0.0011941714516666665,
            "max": 0.04874947742727273,
            "count": 20
        },
        "Bolas.Policy.Beta.sum": {
            "value": 0.014330057419999999,
            "min": 0.014330057419999999,
            "max": 0.5562158085900001,
            "count": 20
        },
        "Bolas.Policy.GAILPolicyEstimate.mean": {
            "value": 0.1687337985727936,
            "min": 0.1583107238921982,
            "max": 0.2956334508616816,
            "count": 20
        },
        "Bolas.Policy.GAILPolicyEstimate.sum": {
            "value": 2.0248055828735234,
            "min": 1.911598149873316,
            "max": 3.368975051492453,
            "count": 20
        },
        "Bolas.Policy.GAILExpertEstimate.mean": {
            "value": 0.8445081183065971,
            "min": 0.710913188484582,
            "max": 0.8531809544811645,
            "count": 20
        },
        "Bolas.Policy.GAILExpertEstimate.sum": {
            "value": 10.134097419679165,
            "min": 7.820045073330402,
            "max": 11.090014612674713,
            "count": 20
        },
        "Bolas.Losses.GAILLoss.mean": {
            "value": 0.4453622185935577,
            "min": 0.4050483870964784,
            "max": 0.7668662246655334,
            "count": 20
        },
        "Bolas.Losses.GAILLoss.sum": {
            "value": 5.344346623122692,
            "min": 4.908529955893755,
            "max": 8.534063696861267,
            "count": 20
        },
        "Bolas.Policy.GAILGradMagLoss.mean": {
            "value": 0.050684511968089874,
            "min": 0.0494116525273197,
            "max": 1.2048541635274885,
            "count": 20
        },
        "Bolas.Policy.GAILGradMagLoss.sum": {
            "value": 0.6082141436170785,
            "min": 0.6009611080866307,
            "max": 13.253395798802375,
            "count": 20
        },
        "Bolas.Losses.PretrainingLoss.mean": {
            "value": 0.0,
            "min": 0.0,
            "max": 1.5923465309721048,
            "count": 20
        },
        "Bolas.Losses.PretrainingLoss.sum": {
            "value": 0.0,
            "min": 0.0,
            "max": 17.515811840693154,
            "count": 20
        },
        "Bolas.IsTraining.mean": {
            "value": 1.0,
            "min": 1.0,
            "max": 1.0,
            "count": 20
        },
        "Bolas.IsTraining.sum": {
            "value": 1.0,
            "min": 1.0,
            "max": 1.0,
            "count": 20
        }
    },
    "metadata": {
        "timer_format_version": "0.1.0",
        "start_time_seconds": "1721251686",
        "python_version": "3.10.12 | packaged by Anaconda, Inc. | (main, Jul  5 2023, 19:01:18) [MSC v.1916 64 bit (AMD64)]",
        "command_line_arguments": "C:\\Users\\juana\\.conda\\envs\\mlagents\\Scripts\\mlagents-learn C:\\Users\\juana\\Documents\\Verano2024\\ml-agents\\config\\ppo\\Bolas_config.yaml --run-id=BasicTraining --force",
        "mlagents_version": "1.1.0.dev0",
        "mlagents_envs_version": "1.1.0.dev0",
        "communication_protocol_version": "1.5.0",
        "pytorch_version": "2.2.2+cu121",
        "numpy_version": "1.23.5",
        "end_time_seconds": "1721254169"
    },
    "total": 2483.0478604999953,