{
    "name": "root",
    "metadata": {
        "timer_format_version": "0.1.0",
        "start_time_seconds": "1721251572",
        "python_version": "3.10.12 | packaged by Anaconda, Inc. | (main, Jul  5 2023, 19:01:18) [MSC v.1916 64 bit (AMD64)]",
        "command_line_arguments": "C:\\Users\\juana\\.conda\\envs\\mlagents\\Scripts\\mlagents-learn C:\\Users\\juana\\Documents\\Verano2024\\ml-agents\\config\\ppo\\Bolas_config.yaml --run-id=BasicTraining",
        "mlagents_version": "1.1.0.dev0",
        "mlagents_envs_version": "1.1.0.dev0",
        "communication_protocol_version": "1.5.0",
        "pytorch_version": "2.2.2+cu121",
        "numpy_version": "1.23.5",
        "end_time_seconds": "1721251603"
    },
    "total": 30.87247829999251,
    "count": 1,
    "self": 0.019314600009238347,
    "children": {
        "run_training.setup": {
            "total": 0.13044729999091942,
            "count": 1,
            "self": 0.13044729999091942
        },
        "TrainerController.start_learning": {
            "total": 30.72271639999235,
            "count": 1,
            "self": 0.0001407999952789396,
            "children": {
                "TrainerController._reset_env": {
                    "total": 30.717803299994557,
                    "count": 1,
                    "self": 30.717698599997675,
                    "children": {
                        "demo_to_buffer": {
                            "total": 0.00010469999688211828,
                            "count": 1,
                            "self": 1.1900003300979733e-05,
                            "children": {
                                "load_demonstration": {
                                    "total": 9.279999358113855e-05,
                                    "count": 1,
                                    "self": 9.279999358113855e-05
                                }
                            }
                        }
                    }
                },
                "TrainerController._save_models": {
                    "total": 0.004772300002514385,
                    "count": 1,
                    "self": 0.0002531999925849959,
                    "children": {
                        "RLTrainer._checkpoint": {
                            "total": 0.004519100009929389,
                            "count": 1,
                            "self": 0.004519100009929389
                        }
                    }
                }
            }
        }
    }
}