{
    "name": "root",
    "gauges": {
        "Bolas.Policy.Entropy.mean": {
            "value": 2.0765421390533447,
            "min": 1.4339573383331299,
            "max": 2.1167843341827393,
            "count": 20
        },
        "Bolas.Policy.Entropy.sum": {
            "value": 103966.234375,
            "min": 72064.9609375,
            "max": 106304.9140625,
            "count": 20
        },
        "Bolas.Environment.EpisodeLength.mean": {
            "value": 990.843137254902,
            "min": 280.18934911242604,
            "max": 990.843137254902,
            "count": 20
        },
        "Bolas.Environment.EpisodeLength.sum": {
            "value": 50533.0,
            "min": 46357.0,
            "max": 53374.0,
            "count": 20
        },
        "Bolas.Step.mean": {
            "value": 999956.0,
            "min": 49953.0,
            "max": 999956.0,
            "count": 20
        },
        "Bolas.Step.sum": {
            "value": 999956.0,
            "min": 49953.0,
            "max": 999956.0,
            "count": 20
        },
        "Bolas.Policy.ExtrinsicValueEstimate.mean": {
            "value": 0.006292084697633982,
            "min": -0.5733116865158081,
            "max": 0.006292084697633982,
            "count": 20
        },
        "Bolas.Policy.ExtrinsicValueEstimate.sum": {
            "value": 5.039959907531738,
            "min": -470.1156005859375,
            "max": 5.039959907531738,
            "count": 20
        },
        "Bolas.Policy.GailValueEstimate.mean": {
            "value": 0.06798359006643295,
            "min": 0.06798359006643295,
            "max": 0.34827810525894165,
            "count": 20
        },
        "Bolas.Policy.GailValueEstimate.sum": {
            "value": 54.45485305786133,
            "min": 54.45485305786133,
            "max": 284.543212890625,
            "count": 20
        },
        "Bolas.Environment.CumulativeReward.mean": {
            "value": -0.0784313725490196,
            "min": -3.3805142239384027,
            "max": -0.005208333333333333,
            "count": 20
        },
        "Bolas.Environment.CumulativeReward.sum": {
            "value": -4.0,
            "min": -321.45707058906555,
            "max": -0.25,
            "count": 20
        },
        "Bolas.Policy.ExtrinsicReward.mean": {
            "value": -0.0784313725490196,
            "min": -3.3805142239384027,
            "max": -0.005208333333333333,
            "count": 20
        },
        "Bolas.Policy.ExtrinsicReward.sum": {
            "value": -4.0,
            "min": -321.45707058906555,
            "max": -0.25,
            "count": 20
        },
        "Bolas.Policy.GailReward.mean": {
            "value": 0.5146230783748786,
            "min": 0.5146230783748786,
            "max": 2.02243423733206,
            "count": 20
        },
        "Bolas.Policy.GailReward.sum": {
            "value": 26.24577699711881,
            "min": 26.24577699711881,
            "max": 228.4733083101455,
            "count": 20
        },
        "Bolas.Losses.PolicyLoss.mean": {
            "value": 0.06900829832626855,
            "min": 0.06603049772598348,
            "max": 0.07094184995533066,
            "count": 20
        },
        "Bolas.Losses.PolicyLoss.sum": {
            "value": 1.6561991598304453,
            "min": 1.5847319454236033,
            "max": 1.702604398927936,
            "count": 20
        },
        "Bolas.Losses.ValueLoss.mean": {
            "value": 0.0015726481963030082,
            "min": 0.0015726481963030082,
            "max": 0.14792882810611832,
            "count": 20
        },
        "Bolas.Losses.ValueLoss.sum": {
            "value": 0.0377435567112722,
            "min": 0.0377435567112722,
            "max": 3.55029187454684,
            "count": 20
        },
        "Bolas.Policy.LearningRate.mean": {
            "value": 7.417697527466668e-06,
            "min": 7.417697527466668e-06,
            "max": 0.0002923862242770565,
            "count": 20
        },
        "Bolas.Policy.LearningRate.sum": {
            "value": 0.00017802474065920003,
            "min": 0.00017802474065920003,
            "max": 0.0067248831583723,
            "count": 20
        },
        "Bolas.Policy.Epsilon.mean": {
            "value": 0.10247253333333334,
            "min": 0.10247253333333334,
            "max": 0.19746207391304346,
            "count": 20
        },
        "Bolas.Policy.Epsilon.sum": {
            "value": 2.4593408,
            "min": 2.4593408,
            "max": 4.621314100000001,
            "count": 20
        },
        "Bolas.Policy.Beta.mean": {
            "value": 0.00025700608000000006,
            "min": 0.00025700608000000006,
            "max": 0.009746461183913042,
            "count": 20
        },
        "Bolas.Policy.Beta.sum": {
            "value": 0.006168145920000001,
            "min": 0.006168145920000001,
            "max": 0.22416860722999998,
            "count": 20
        },
        "Bolas.Policy.GAILPolicyEstimate.mean": {
            "value": 0.02336873502240956,
            "min": 0.02336873502240956,
            "max": 0.2879245034160961,
            "count": 20
        },
        "Bolas.Policy.GAILPolicyEstimate.sum": {
            "value": 0.5608496405378294,
            "min": 0.5608496405378294,
            "max": 6.62226357857021,
            "count": 20
        },
        "Bolas.Policy.GAILExpertEstimate.mean": {
            "value": 0.980535696984993,
            "min": 0.7045792032855754,
            "max": 0.980535696984993,
            "count": 20
        },
        "Bolas.Policy.GAILExpertEstimate.sum": {
            "value": 23.53285672763983,
            "min": 16.205321675568236,
            "max": 23.53285672763983,
            "count": 20
        },
        "Bolas.Losses.GAILLoss.mean": {
            "value": 0.05084301720651436,
            "min": 0.05084301720651436,
            "max": 0.7618389083525102,
            "count": 20
        },
        "Bolas.Losses.GAILLoss.sum": {
            "value": 1.2202324129563447,
            "min": 1.2202324129563447,
            "max": 17.522294892107734,
            "count": 20
        },
        "Bolas.Policy.GAILGradMagLoss.mean": {
            "value": 0.022244415459580422,
            "min": 0.022244415459580422,
            "max": 0.5589574040120145,
            "count": 20
        },
        "Bolas.Policy.GAILGradMagLoss.sum": {
            "value": 0.5338659710299302,
            "min": 0.5338659710299302,
            "max": 12.856020292276334,
            "count": 20
        },
        "Bolas.Losses.PretrainingLoss.mean": {
            "value": 0.0,
            "min": 0.0,
            "max": 1.008346571500257,
            "count": 20
        },
        "Bolas.Losses.PretrainingLoss.sum": {
            "value": 0.0,
            "min": 0.0,
            "max": 23.191971144505914,
            "count": 20
        },
        "Bolas.IsTraining.mean": {
            "value": 1.0,
            "min": 1.0,
            "max": 1.0,
            "count": 20
        },
        "Bolas.IsTraining.sum": {
            "value": 1.0,
            "min": 1.0,
            "max": 1.0,
            "count": 20
        }
    },
    "metadata": {
        "timer_format_version": "0.1.0",
        "start_time_seconds": "1721199351",
        "python_version": "3.10.12 | packaged by Anaconda, Inc. | (main, Jul  5 2023, 19:01:18) [MSC v.1916 64 bit (AMD64)]",
        "command_line_arguments": "C:\\Users\\juana\\.conda\\envs\\mlagents\\Scripts\\mlagents-learn C:\\Users\\juana\\Documents\\Verano2024\\ml-agents\\config\\ppo\\Bolas_config.yaml --run-id=BolasRayCastDemoRandomWalls --force",
        "mlagents_version": "1.1.0.dev0",
        "mlagents_envs_version": "1.1.0.dev0",
        "communication_protocol_version": "1.5.0",
        "pytorch_version": "2.2.2+cu121",
        "numpy_version": "1.23.5",
        "end_time_seconds": "1721201581"
    },