{
    "name": "root",
    "gauges": {
        "Bolas.Policy.Entropy.mean": {
            "value": 1.5936540365219116,
            "min": 1.5936540365219116,
            "max": 1.5936540365219116,
            "count": 1
        },
        "Bolas.Policy.Entropy.sum": {
            "value": 16205.8681640625,
            "min": 16205.8681640625,
            "max": 16205.8681640625,
            "count": 1
        },
        "Bolas.Step.mean": {
            "value": 9984.0,
            "min": 9984.0,
            "max": 9984.0,
            "count": 1
        },
        "Bolas.Step.sum": {
            "value": 9984.0,
            "min": 9984.0,
            "max": 9984.0,
            "count": 1
        },
        "Bolas.Policy.ExtrinsicValueEstimate.mean": {
            "value": -0.007991919293999672,
            "min": -0.007991919293999672,
            "max": -0.007991919293999672,
            "count": 1
        },
        "Bolas.Policy.ExtrinsicValueEstimate.sum": {
            "value": -1.2707152366638184,
            "min": -1.2707152366638184,
            "max": -1.2707152366638184,
            "count": 1
        },
        "Bolas.Policy.GailValueEstimate.mean": {
            "value": 0.8310971260070801,
            "min": 0.8310971260070801,
            "max": 0.8310971260070801,
            "count": 1
        },
        "Bolas.Policy.GailValueEstimate.sum": {
            "value": 132.14443969726562,
            "min": 132.14443969726562,
            "max": 132.14443969726562,
            "count": 1
        },
        "Bolas.Environment.EpisodeLength.mean": {
            "value": 999.0,
            "min": 999.0,
            "max": 999.0,
            "count": 1
        },
        "Bolas.Environment.EpisodeLength.sum": {
            "value": 7992.0,
            "min": 7992.0,
            "max": 7992.0,
            "count": 1
        },
        "Bolas.Environment.CumulativeReward.mean": {
            "value": -7.612500173039734,
            "min": -7.612500173039734,
            "max": -7.612500173039734,
            "count": 1
        },
        "Bolas.Environment.CumulativeReward.sum": {
            "value": -60.900001384317875,
            "min": -60.900001384317875,
            "max": -60.900001384317875,
            "count": 1
        },
        "Bolas.Policy.ExtrinsicReward.mean": {
            "value": -7.612500173039734,
            "min": -7.612500173039734,
            "max": -7.612500173039734,
            "count": 1
        },
        "Bolas.Policy.ExtrinsicReward.sum": {
            "value": -60.900001384317875,
            "min": -60.900001384317875,
            "max": -60.900001384317875,
            "count": 1
        },
        "Bolas.Policy.GailReward.mean": {
            "value": 7.603089845739305,
            "min": 7.603089845739305,
            "max": 7.603089845739305,
            "count": 1
        },
        "Bolas.Policy.GailReward.sum": {
            "value": 60.82471876591444,
            "min": 60.82471876591444,
            "max": 60.82471876591444,
            "count": 1
        },
        "Bolas.Losses.PolicyLoss.mean": {
            "value": 0.06473118416139792,
            "min": 0.06473118416139792,
            "max": 0.06473118416139792,
            "count": 1
        },
        "Bolas.Losses.PolicyLoss.sum": {
            "value": 0.2589247366455917,
            "min": 0.2589247366455917,
            "max": 0.2589247366455917,
            "count": 1
        },
        "Bolas.Losses.ValueLoss.mean": {
            "value": 0.008776864585039826,
            "min": 0.008776864585039826,
            "max": 0.008776864585039826,
            "count": 1
        },
        "Bolas.Losses.ValueLoss.sum": {
            "value": 0.035107458340159305,
            "min": 0.035107458340159305,
            "max": 0.035107458340159305,
            "count": 1
        },
        "Bolas.Policy.LearningRate.mean": {
            "value": 0.000296808001064,
            "min": 0.000296808001064,
            "max": 0.000296808001064,
            "count": 1
        },
        "Bolas.Policy.LearningRate.sum": {
            "value": 0.001187232004256,
            "min": 0.001187232004256,
            "max": 0.001187232004256,
            "count": 1
        },
        "Bolas.Policy.Epsilon.mean": {
            "value": 0.19893600000000003,
            "min": 0.19893600000000003,
            "max": 0.19893600000000003,
            "count": 1
        },
        "Bolas.Policy.Epsilon.sum": {
            "value": 0.7957440000000001,
            "min": 0.7957440000000001,
            "max": 0.7957440000000001,
            "count": 1
        },
        "Bolas.Policy.Beta.mean": {
            "value": 0.0098937064,
            "min": 0.0098937064,
            "max": 0.0098937064,
            "count": 1
        },
        "Bolas.Policy.Beta.sum": {
            "value": 0.0395748256,
            "min": 0.0395748256,
            "max": 0.0395748256,
            "count": 1
        },
        "Bolas.Policy.GAILPolicyEstimate.mean": {
            "value": 0.2766110604861751,
            "min": 0.2766110604861751,
            "max": 0.2766110604861751,
            "count": 1
        },
        "Bolas.Policy.GAILPolicyEstimate.sum": {
            "value": 1.1064442419447005,
            "min": 1.1064442419447005,
            "max": 1.1064442419447005,
            "count": 1
        },
        "Bolas.Policy.GAILExpertEstimate.mean": {
            "value": 0.6931534524386127,
            "min": 0.6931534524386127,
            "max": 0.6931534524386127,
            "count": 1
        },
        "Bolas.Policy.GAILExpertEstimate.sum": {
            "value": 2.772613809754451,
            "min": 2.772613809754451,
            "max": 2.772613809754451,
            "count": 1
        },
        "Bolas.Losses.GAILLoss.mean": {
            "value": 0.7686216696165502,
            "min": 0.7686216696165502,
            "max": 0.7686216696165502,
            "count": 1
        },
        "Bolas.Losses.GAILLoss.sum": {
            "value": 3.074486678466201,
            "min": 3.074486678466201,
            "max": 3.074486678466201,
            "count": 1
        },
        "Bolas.Policy.GAILGradMagLoss.mean": {
            "value": 2.8146297844747705,
            "min": 2.8146297844747705,
            "max": 2.8146297844747705,
            "count": 1
        },
        "Bolas.Policy.GAILGradMagLoss.sum": {
            "value": 11.258519137899082,
            "min": 11.258519137899082,
            "max": 11.258519137899082,
            "count": 1
        },
        "Bolas.Losses.PretrainingLoss.mean": {
            "value": 1.2571861170458072,
            "min": 1.2571861170458072,
            "max": 1.2571861170458072,
            "count": 1
        },
        "Bolas.Losses.PretrainingLoss.sum": {
            "value": 5.028744468183229,
            "min": 5.028744468183229,
            "max": 5.028744468183229,
            "count": 1
        },
        "Bolas.IsTraining.mean": {
            "value": 1.0,
            "min": 1.0,
            "max": 1.0,
            "count": 1
        },
        "Bolas.IsTraining.sum": {
            "value": 1.0,
            "min": 1.0,
            "max": 1.0,
            "count": 1
        }
    },
    "metadata": {
        "timer_format_version": "0.1.0",
        "start_time_seconds": "1721195456",
        "python_version": "3.10.12 | packaged by Anaconda, Inc. | (main, Jul  5 2023, 19:01:18) [MSC v.1916 64 bit (AMD64)]",
        "command_line_arguments": "C:\\Users\\juana\\.conda\\envs\\mlagents\\Scripts\\mlagents-learn C:\\Users\\juana\\Documents\\Verano2024\\ml-agents\\config\\ppo\\Bolas_config.yaml --run-id=BolasRayCastDemoRandomWalls --force",
        "mlagents_version": "1.1.0.dev0",
        "mlagents_envs_version": "1.1.0.dev0",
        "communication_protocol_version": "1.5.0",
        "pytorch_version": "2.2.2+cu121",
        "numpy_version": "1.23.5",
        "end_time_seconds": "1721195577"
    },
    "total": 121.57048879999638,