{
    "name": "root",
    "metadata": {
        "timer_format_version": "0.1.0",
        "start_time_seconds": "1720209042",
        "python_version": "3.10.12 | packaged by Anaconda, Inc. | (main, Jul  5 2023, 19:01:18) [MSC v.1916 64 bit (AMD64)]",
        "command_line_arguments": "C:\\Users\\juana\\.conda\\envs\\mlagents\\Scripts\\mlagents-learn C:\\Users\\juana\\Documents\\Verano2024\\ml-agents\\config\\ppo\\Bolas_config.yaml --run-id=Bolas6",
        "mlagents_version": "1.1.0.dev0",
        "mlagents_envs_version": "1.1.0.dev0",
        "communication_protocol_version": "1.5.0",
        "pytorch_version": "2.2.2+cu121",
        "numpy_version": "1.23.5",
        "end_time_seconds": "1720209253"
    },
    "total": 211.1481582000015,
    "count": 1,
    "self": 0.009230400002707029,
    "children": {
        "run_training.setup": {
            "total": 0.0989283000017167,
            "count": 1,
            "self": 0.0989283000017167
        },
        "TrainerController.start_learning": {
            "total": 211.03999949999707,
            "count": 1,
            "self": 0.10452610004358576,
            "children": {
                "TrainerController._reset_env": {
                    "total": 14.058115199997701,
                    "count": 1,
                    "self": 14.058115199997701
                },
                "TrainerController.advance": {
                    "total": 196.7574809999569,
                    "count": 5728,
                    "self": 0.09678880001592916,
                    "children": {
                        "env_step": {
                            "total": 180.0616815000467,
                            "count": 5728,
                            "self": 165.4318988999803,
                            "children": {
                                "SubprocessEnvManager._take_step": {
                                    "total": 14.56271509988801,
                                    "count": 5729,
                                    "self": 0.3297998997986724,
                                    "children": {
                                        "TorchPolicy.evaluate": {
                                            "total": 14.232915200089337,
                                            "count": 5708,
                                            "self": 14.232915200089337
                                        }
                                    }
                                },
                                "workers": {
                                    "total": 0.06706750017838203,
                                    "count": 5727,
                                    "self": 0.0,
                                    "children": {
                                        "worker_root": {
                                            "total": 71.48880489992371,
                                            "count": 5727,
                                            "is_parallel": true,
                                            "self": 37.30079279995698,
                                            "children": {
                                                "steps_from_proto": {
                                                    "total": 0.0004153000008955132,
                                                    "count": 2,
                                                    "is_parallel": true,
                                                    "self": 0.0001692000005277805,
                                                    "children": {
                                                        "_process_rank_one_or_two_observation": {
                                                            "total": 0.0002461000003677327,
                                                            "count": 4,
                                                            "is_parallel": true,
                                                            "self": 0.0002461000003677327
                                                        }
                                                    }
                                                },
                                                "UnityEnvironment.step": {
                                                    "total": 34.18759679996583,
                                                    "count": 5727,
                                                    "is_parallel": true,
                                                    "self": 0.38096629987921915,
                                                    "children": {
                                                        "UnityEnvironment._generate_step_input": {
                                                            "total": 0.3305483998847194,
                                                            "count": 5727,
                                                            "is_parallel": true,
                                                            "self": 0.3305483998847194
                                                        },
                                                        "communicator.exchange": {
                                                            "total": 32.61383749999732,
                                                            "count": 5727,
                                                            "is_parallel": true,
                                                            "self": 32.61383749999732
                                                        },
                                                        "steps_from_proto": {
                                                            "total": 0.8622446002045763,
                                                            "count": 5727,
                                                            "is_parallel": true,
                                                            "self": 0.4178215001411445,
                                                            "children": {
                                                                "_process_rank_one_or_two_observation": {
                                                                    "total": 0.4444231000634318,
                                                                    "count": 11454,
                                                                    "is_parallel": true,
                                                                    "self": 0.4444231000634318
                                                                }
                                                            }
                                                        }
                                                    }
                                                }
                                            }
                                        }
                                    }
                                }
                            }
                        },
                        "trainer_advance": {
                            "total": 16.59901069989428,
                            "count": 5727,
                            "self": 0.12033929973040358,
                            "children": {
                                "process_trajectory": {
                                    "total": 0.5670459001594281,
                                    "count": 5727,
                                    "self": 0.5670459001594281
                                },
                                "_update_policy": {
                                    "total": 15.911625500004448,
                                    "count": 42,
                                    "self": 0.7670570000882435,
                                    "children": {
                                        "TorchPPOOptimizer.update": {
                                            "total": 15.144568499916204,