{
    "name": "root",
    "gauges": {
        "Bolas.Policy.Entropy.mean": {
            "value": 4.260086536407471,
            "min": 3.4363439083099365,
            "max": 4.303722858428955,
            "count": 20
        },
        "Bolas.Policy.Entropy.sum": {
            "value": 212868.015625,
            "min": 175263.84375,
            "max": 216508.15625,
            "count": 20
        },
        "Bolas.Environment.EpisodeLength.mean": {
            "value": 60.7679012345679,
            "min": 60.7679012345679,
            "max": 554.0777777777778,
            "count": 20
        },
        "Bolas.Environment.EpisodeLength.sum": {
            "value": 49222.0,
            "min": 46257.0,
            "max": 51860.0,
            "count": 20
        },
        "Bolas.Step.mean": {
            "value": 999984.0,
            "min": 49788.0,
            "max": 999984.0,
            "count": 20
        },
        "Bolas.Step.sum": {
            "value": 999984.0,
            "min": 49788.0,
            "max": 999984.0,
            "count": 20
        },
        "Bolas.Policy.ExtrinsicValueEstimate.mean": {
            "value": 1.176479458808899,
            "min": -0.747218668460846,
            "max": 1.176479458808899,
            "count": 20
        },
        "Bolas.Policy.ExtrinsicValueEstimate.sum": {
            "value": 954.1248779296875,
            "min": -367.631591796875,
            "max": 954.1248779296875,
            "count": 20
        },
        "Bolas.Policy.GailValueEstimate.mean": {
            "value": 0.0373394601047039,
            "min": 0.0373394601047039,
            "max": 0.1685846596956253,
            "count": 20
        },
        "Bolas.Policy.GailValueEstimate.sum": {
            "value": 30.282302856445312,
            "min": 15.739734649658203,
            "max": 82.94364929199219,
            "count": 20
        },
        "Bolas.Environment.CumulativeReward.mean": {
            "value": 1.5939369523966753,
            "min": -2.267792829653112,
            "max": 1.5939369523966753,
            "count": 20
        },
        "Bolas.Environment.CumulativeReward.sum": {
            "value": 1291.088931441307,
            "min": -1022.7745661735535,
            "max": 1291.088931441307,
            "count": 20
        },
        "Bolas.Policy.ExtrinsicReward.mean": {
            "value": 1.5939369523966753,
            "min": -2.267792829653112,
            "max": 1.5939369523966753,
            "count": 20
        },
        "Bolas.Policy.ExtrinsicReward.sum": {
            "value": 1291.088931441307,
            "min": -1022.7745661735535,
            "max": 1291.088931441307,
            "count": 20
        },
        "Bolas.Policy.GailReward.mean": {
            "value": 0.11659676829916367,
            "min": 0.11659676829916367,
            "max": 0.6651879462149914,
            "count": 20
        },
        "Bolas.Policy.GailReward.sum": {
            "value": 94.44338232232258,
            "min": 43.44807781131385,
            "max": 222.9106306583401,
            "count": 20
        },
        "Bolas.Losses.PolicyLoss.mean": {
            "value": 0.033702416209871446,
            "min": 0.030534302508582797,
            "max": 0.035134126793059293,
            "count": 20
        },
        "Bolas.Losses.PolicyLoss.sum": {
            "value": 0.4044289945184573,
            "min": 0.34259126274882873,
            "max": 0.42160952151671155,
            "count": 20
        },
        "Bolas.Losses.ValueLoss.mean": {
            "value": 0.014045638787987022,
            "min": 0.006488358788059983,
            "max": 0.2189965001984753,
            "count": 20
        },
        "Bolas.Losses.ValueLoss.sum": {
            "value": 0.16854766545584426,
            "min": 0.07137194666865981,
            "max": 2.4089615021832285,
            "count": 20
        },
        "Bolas.Policy.LearningRate.mean": {
            "value": 7.020922659724997e-06,
            "min": 7.020922659724997e-06,
            "max": 0.00029251808431215456,
            "count": 20
        },
        "Bolas.Policy.LearningRate.sum": {
            "value": 8.425107191669996e-05,
            "min": 8.425107191669996e-05,
            "max": 0.0033374010875329998,
            "count": 20
        },
        "Bolas.Policy.Epsilon.mean": {
            "value": 0.10000000000000002,
            "min": 0.1,
            "max": 0.10000000000000002,
            "count": 20
        },
        "Bolas.Policy.Epsilon.sum": {
            "value": 1.2000000000000002,
            "min": 1.1,
            "max": 1.3000000000000003,
            "count": 20
        },
        "Bolas.Policy.Beta.mean": {
            "value": 0.0011799034724999996,
            "min": 0.0011799034724999996,
            "max": 0.04875326303363636,
            "count": 20
        },
        "Bolas.Policy.Beta.sum": {
            "value": 0.014158841669999995,
            "min": 0.014158841669999995,
            "max": 0.5562422533000001,
            "count": 20
        },
        "Bolas.Policy.GAILPolicyEstimate.mean": {
            "value": 0.11041336579558751,
            "min": 0.03677775589943242,
            "max": 0.1936566579748284,
            "count": 20
        },
        "Bolas.Policy.GAILPolicyEstimate.sum": {
            "value": 1.32496038954705,
            "min": 0.44133307079318906,
            "max": 2.1302232377231123,
            "count": 20
        },
        "Bolas.Policy.GAILExpertEstimate.mean": {
            "value": 0.8936249235024053,
            "min": 0.8239854776046492,
            "max": 0.9617589025447767,
            "count": 20
        },
        "Bolas.Policy.GAILExpertEstimate.sum": {
            "value": 10.723499082028864,
            "min": 9.063840253651142,
            "max": 11.591921408474445,
            "count": 20
        },
        "Bolas.Losses.GAILLoss.mean": {
            "value": 0.2974313508408765,
            "min": 0.10016936446384839,
            "max": 0.5354878197339449,
            "count": 20
        },
        "Bolas.Losses.GAILLoss.sum": {
            "value": 3.569176210090518,
            "min": 1.2020323735661806,
            "max": 5.890366017073394,
            "count": 20
        },
        "Bolas.Policy.GAILGradMagLoss.mean": {
            "value": 0.049013233706743146,
            "min": 0.028012855222914367,
            "max": 0.07358563019132071,
            "count": 20
        },
        "Bolas.Policy.GAILGradMagLoss.sum": {
            "value": 0.5881588044809177,
            "min": 0.30814140745205804,
            "max": 0.8094419321045279,
            "count": 20
        },
        "Bolas.Losses.PretrainingLoss.mean": {
            "value": 0.0,
            "min": 0.0,
            "max": 30.267503044822003,
            "count": 20
        },
        "Bolas.Losses.PretrainingLoss.sum": {
            "value": 0.0,
            "min": 0.0,
            "max": 332.94253349304205,
            "count": 20
        },
        "Bolas.IsTraining.mean": {
            "value": 1.0,
            "min": 1.0,
            "max": 1.0,
            "count": 20
        },
        "Bolas.IsTraining.sum": {
            "value": 1.0,
            "min": 1.0,
            "max": 1.0,
            "count": 20
        }
    },
    "metadata": {
        "timer_format_version": "0.1.0",
        "start_time_seconds": "1721416426",
        "python_version": "3.10.12 | packaged by Anaconda, Inc. | (main, Jul  5 2023, 19:01:18) [MSC v.1916 64 bit (AMD64)]",
        "command_line_arguments": "C:\\Users\\juana\\.conda\\envs\\mlagents\\Scripts\\mlagents-learn C:\\Users\\juana\\Documents\\Verano2024\\ml-agents\\config\\ppo\\Bolas_config.yaml --run-id=push4WallsB2 --initialize-from=pushToBackWallA",
        "mlagents_version": "1.1.0.dev0",
        "mlagents_envs_version": "1.1.0.dev0",
        "communication_protocol_version": "1.5.0",
        "pytorch_version": "2.2.2+cu121",
        "numpy_version": "1.23.5",