{
    "name": "root",
    "gauges": {
        "Bolas.Policy.Entropy.mean": {
            "value": 0.758529007434845,
            "min": 0.758529007434845,
            "max": 1.4162425994873047,
            "count": 50
        },
        "Bolas.Policy.Entropy.sum": {
            "value": 7582.255859375,
            "min": 7582.255859375,
            "max": 14187.9189453125,
            "count": 50
        },
        "Bolas.Environment.EpisodeLength.mean": {
            "value": 95.73076923076923,
            "min": 76.31297709923665,
            "max": 385.81481481481484,
            "count": 50
        },
        "Bolas.Environment.EpisodeLength.sum": {
            "value": 9956.0,
            "min": 9232.0,
            "max": 10417.0,
            "count": 50
        },
        "Bolas.Step.mean": {
            "value": 499974.0,
            "min": 9954.0,
            "max": 499974.0,
            "count": 50
        },
        "Bolas.Step.sum": {
            "value": 499974.0,
            "min": 9954.0,
            "max": 499974.0,
            "count": 50
        },
        "Bolas.Policy.ExtrinsicValueEstimate.mean": {
            "value": 9.342493057250977,
            "min": -0.09718608856201172,
            "max": 11.674478530883789,
            "count": 50
        },
        "Bolas.Policy.ExtrinsicValueEstimate.sum": {
            "value": 1933.89599609375,
            "min": -17.687868118286133,
            "max": 2498.33837890625,
            "count": 50
        },
        "Bolas.Environment.CumulativeReward.mean": {
            "value": 23.658653846153847,
            "min": -0.47959183673469385,
            "max": 28.407894736842106,
            "count": 50
        },
        "Bolas.Environment.CumulativeReward.sum": {
            "value": 2460.5,
            "min": -23.5,
            "max": 3238.5,
            "count": 50
        },
        "Bolas.Policy.ExtrinsicReward.mean": {
            "value": 23.658653846153847,
            "min": -0.47959183673469385,
            "max": 28.407894736842106,
            "count": 50
        },
        "Bolas.Policy.ExtrinsicReward.sum": {
            "value": 2460.5,
            "min": -23.5,
            "max": 3238.5,
            "count": 50
        },
        "Bolas.Losses.PolicyLoss.mean": {
            "value": 0.2468357025354091,
            "min": 0.23715705676544815,
            "max": 0.2515489894355665,
            "count": 50
        },
        "Bolas.Losses.PolicyLoss.sum": {
            "value": 19.0063490952265,
            "min": 17.817916274395337,
            "max": 20.033972369181107,
            "count": 50
        },
        "Bolas.Losses.ValueLoss.mean": {
            "value": 24.28253800477956,
            "min": 0.047894054563850146,
            "max": 33.1123554758563,
            "count": 50
        },
        "Bolas.Losses.ValueLoss.sum": {
            "value": 1869.755426368026,
            "min": 3.5920540922887607,
            "max": 2549.651371640935,
            "count": 50
        },
        "Bolas.Policy.LearningRate.mean": {
            "value": 3.012769125646754e-06,
            "min": 3.012769125646754e-06,
            "max": 0.00029700580099806663,
            "count": 50
        },
        "Bolas.Policy.LearningRate.sum": {
            "value": 0.00023198322267480007,
            "min": 0.00023198322267480007,
            "max": 0.02270055323314899,
            "count": 50
        },
        "Bolas.Policy.Epsilon.mean": {
            "value": 0.10100422337662339,
            "min": 0.10100422337662339,
            "max": 0.19900193333333335,
            "count": 50
        },
        "Bolas.Policy.Epsilon.sum": {
            "value": 7.777325200000001,
            "min": 7.777325200000001,
            "max": 15.366851,
            "count": 50
        },
        "Bolas.Policy.Beta.mean": {
            "value": 0.0005000000000000001,
            "min": 0.0005000000000000001,
            "max": 0.0005000000000000001,
            "count": 50
        },
        "Bolas.Policy.Beta.sum": {
            "value": 0.038500000000000006,
            "min": 0.037000000000000005,
            "max": 0.04000000000000001,
            "count": 50
        },
        "Bolas.IsTraining.mean": {
            "value": 1.0,
            "min": 1.0,
            "max": 1.0,
            "count": 50
        },
        "Bolas.IsTraining.sum": {
            "value": 1.0,
            "min": 1.0,
            "max": 1.0,
            "count": 50
        }
    },
    "metadata": {
        "timer_format_version": "0.1.0",
        "start_time_seconds": "1720562439",
        "python_version": "3.10.12 | packaged by Anaconda, Inc. | (main, Jul  5 2023, 19:01:18) [MSC v.1916 64 bit (AMD64)]",
        "command_line_arguments": "C:\\Users\\juana\\.conda\\envs\\mlagents\\Scripts\\mlagents-learn C:\\Users\\juana\\Documents\\Verano2024\\ml-agents\\config\\ppo\\Bolas_config.yaml --run-id=BolasRayCast --force",
        "mlagents_version": "1.1.0.dev0",
        "mlagents_envs_version": "1.1.0.dev0",
        "communication_protocol_version": "1.5.0",
        "pytorch_version": "2.2.2+cu121",
        "numpy_version": "1.23.5",
        "end_time_seconds": "1720569117"
    },
    "total": 6678.6847619,
    "count": 1,
    "self": 0.015316900000470923,
    "children": {
        "run_training.setup": {
            "total": 0.10510140000042156,
            "count": 1,
            "self": 0.10510140000042156
        },
        "TrainerController.start_learning": {
            "total": 6678.564343599999,
            "count": 1,
            "self": 9.950436399383761,
            "children": {
                "TrainerController._reset_env": {
                    "total": 11.153582700000698,
                    "count": 1,
                    "self": 11.153582700000698
                },
                "TrainerController.advance": {
                    "total": 6657.403050500616,
                    "count": 503402,
                    "self": 9.340582402626751,
                    "children": {
                        "env_step": {
                            "total": 4861.931989798464,
                            "count": 503402,
                            "self": 3233.208413296172,
                            "children": {
                                "SubprocessEnvManager._take_step": {
                                    "total": 1622.3211381004476,
                                    "count": 503402,
                                    "self": 34.33127190184314,
                                    "children": {
                                        "TorchPolicy.evaluate": {
                                            "total": 1587.9898661986044,
                                            "count": 500038,
                                            "self": 1587.9898661986044
                                        }
                                    }
                                },
                                "workers": {
                                    "total": 6.402438401844847,
                                    "count": 503402,
                                    "self": 0.0,
                                    "children": {
                                        "worker_root": {
                                            "total": 6654.246505599684,
                                            "count": 503402,
                                            "is_parallel": true,
                                            "self": 3894.3898078002385,
                                            "children": {
                                                "steps_from_proto": {
                                                    "total": 0.0004243000003043562,
                                                    "count": 1,
                                                    "is_parallel": true,
                                                    "self": 0.00015679999341955408,