{
    "name": "root",
    "gauges": {
        "Bolas.Policy.Entropy.mean": {
            "value": 2.9282801151275635,
            "min": 2.2205183506011963,
            "max": 2.9481780529022217,
            "count": 20
        },
        "Bolas.Policy.Entropy.sum": {
            "value": 146241.234375,
            "min": 112233.875,
            "max": 147488.53125,
            "count": 20
        },
        "Bolas.Environment.EpisodeLength.mean": {
            "value": 42.80192813321648,
            "min": 42.80192813321648,
            "max": 284.2057142857143,
            "count": 20
        },
        "Bolas.Environment.EpisodeLength.sum": {
            "value": 48837.0,
            "min": 47834.0,
            "max": 50547.0,
            "count": 20
        },
        "Bolas.Step.mean": {
            "value": 999970.0,
            "min": 49945.0,
            "max": 999970.0,
            "count": 20
        },
        "Bolas.Step.sum": {
            "value": 999970.0,
            "min": 49945.0,
            "max": 999970.0,
            "count": 20
        },
        "Bolas.Policy.ExtrinsicValueEstimate.mean": {
            "value": 1.6137853860855103,
            "min": -0.47571542859077454,
            "max": 1.6137853860855103,
            "count": 20
        },
        "Bolas.Policy.ExtrinsicValueEstimate.sum": {
            "value": 1841.3291015625,
            "min": -137.00604248046875,
            "max": 1841.3291015625,
            "count": 20
        },
        "Bolas.Policy.GailValueEstimate.mean": {
            "value": 0.04603809863328934,
            "min": 0.04603809863328934,
            "max": 0.1958329975605011,
            "count": 20
        },
        "Bolas.Policy.GailValueEstimate.sum": {
            "value": 52.52947235107422,
            "min": 42.240291595458984,
            "max": 61.45789337158203,
            "count": 20
        },
        "Bolas.Environment.CumulativeReward.mean": {
            "value": 1.9859041776916209,
            "min": -1.3468751630812976,
            "max": 1.9859041776916209,
            "count": 20
        },
        "Bolas.Environment.CumulativeReward.sum": {
            "value": 2265.9166667461395,
            "min": -429.65317702293396,
            "max": 2265.9166667461395,
            "count": 20
        },
        "Bolas.Policy.ExtrinsicReward.mean": {
            "value": 1.9859041776916209,
            "min": -1.3468751630812976,
            "max": 1.9859041776916209,
            "count": 20
        },
        "Bolas.Policy.ExtrinsicReward.sum": {
            "value": 2265.9166667461395,
            "min": -429.65317702293396,
            "max": 2265.9166667461395,
            "count": 20
        },
        "Bolas.Policy.GailReward.mean": {
            "value": 0.10934895972740052,
            "min": 0.10934895972740052,
            "max": 0.8342200237280841,
            "count": 20
        },
        "Bolas.Policy.GailReward.sum": {
            "value": 124.767163048964,
            "min": 115.56562459700217,
            "max": 200.7256467495681,
            "count": 20
        },
        "Bolas.Losses.PolicyLoss.mean": {
            "value": 0.03402193964185093,
            "min": 0.030679757762618467,
            "max": 0.036296154235083124,
            "count": 20
        },
        "Bolas.Losses.PolicyLoss.sum": {
            "value": 0.40826327570221116,
            "min": 0.3681570931514216,
            "max": 0.43799110132267755,
            "count": 20
        },
        "Bolas.Losses.ValueLoss.mean": {
            "value": 0.0014319127751150518,
            "min": 0.0014319127751150518,
            "max": 0.2764236880805005,
            "count": 20
        },
        "Bolas.Losses.ValueLoss.sum": {
            "value": 0.017182953301380623,
            "min": 0.017182953301380623,
            "max": 3.0406605688855053,
            "count": 20
        },
        "Bolas.Policy.LearningRate.mean": {
            "value": 7.840947386383337e-06,
            "min": 7.840947386383337e-06,
            "max": 0.0002924632388758908,
            "count": 20
        },
        "Bolas.Policy.LearningRate.sum": {
            "value": 9.409136863660004e-05,
            "min": 9.409136863660004e-05,
            "max": 0.0033358569880477,
            "count": 20
        },
        "Bolas.Policy.Epsilon.mean": {
            "value": 0.10000000000000002,
            "min": 0.1,
            "max": 0.10000000000000002,
            "count": 20
        },
        "Bolas.Policy.Epsilon.sum": {
            "value": 1.2000000000000002,
            "min": 1.1,
            "max": 1.3000000000000003,
            "count": 20
        },
        "Bolas.Policy.Beta.mean": {
            "value": 0.001316546971666667,
            "min": 0.001316546971666667,
            "max": 0.04874412395272727,
            "count": 20
        },
        "Bolas.Policy.Beta.sum": {
            "value": 0.015798563660000004,
            "min": 0.015798563660000004,
            "max": 0.55598495477,
            "count": 20
        },
        "Bolas.Policy.GAILPolicyEstimate.mean": {
            "value": 0.16223714277148246,
            "min": 0.1182422772515565,
            "max": 0.28619136173616755,
            "count": 20
        },
        "Bolas.Policy.GAILPolicyEstimate.sum": {
            "value": 1.9468457132577894,
            "min": 1.418907327018678,
            "max": 3.148104979097843,
            "count": 20
        },
        "Bolas.Policy.GAILExpertEstimate.mean": {
            "value": 0.8375336827089389,
            "min": 0.7556356826289132,
            "max": 0.8806909553706648,
            "count": 20
        },
        "Bolas.Policy.GAILExpertEstimate.sum": {
            "value": 10.050404192507267,
            "min": 8.311992508918046,
            "max": 10.724488519132139,
            "count": 20
        },
        "Bolas.Losses.GAILLoss.mean": {
            "value": 0.45067678578197956,
            "min": 0.32452203150217734,
            "max": 0.7778808484023266,
            "count": 20
        },
        "Bolas.Losses.GAILLoss.sum": {
            "value": 5.408121429383755,
            "min": 3.8942643780261283,
            "max": 8.556689332425593,
            "count": 20
        },
        "Bolas.Policy.GAILGradMagLoss.mean": {
            "value": 0.046914579897808534,
            "min": 0.0447533128298043,
            "max": 0.06348143833350728,
            "count": 20
        },
        "Bolas.Policy.GAILGradMagLoss.sum": {
            "value": 0.5629749587737024,
            "min": 0.5370397539576516,
            "max": 0.7011708065401764,
            "count": 20
        },
        "Bolas.Losses.PretrainingLoss.mean": {
            "value": 0.0,
            "min": 0.0,
            "max": 2.845942146850355,
            "count": 20
        },
        "Bolas.Losses.PretrainingLoss.sum": {
            "value": 0.0,
            "min": 0.0,
            "max": 31.305363615353905,
            "count": 20
        },
        "Bolas.IsTraining.mean": {
            "value": 1.0,
            "min": 1.0,
            "max": 1.0,
            "count": 20
        },
        "Bolas.IsTraining.sum": {
            "value": 1.0,
            "min": 1.0,
            "max": 1.0,
            "count": 20
        }
    },
    "metadata": {
        "timer_format_version": "0.1.0",
        "start_time_seconds": "1721336436",
        "python_version": "3.10.12 | packaged by Anaconda, Inc. | (main, Jul  5 2023, 19:01:18) [MSC v.1916 64 bit (AMD64)]",
        "command_line_arguments": "C:\\Users\\juana\\.conda\\envs\\mlagents\\Scripts\\mlagents-learn C:\\Users\\juana\\Documents\\Verano2024\\ml-agents\\config\\ppo\\Bolas_config.yaml --run-id=middleTrainning --force --initialize-from=BasicTraining",
        "mlagents_version": "1.1.0.dev0",
        "mlagents_envs_version": "1.1.0.dev0",
        "communication_protocol_version": "1.5.0",
        "pytorch_version": "2.2.2+cu121",
        "numpy_version": "1.23.5",